Employ_id	Name	Dept_id	Phone
20000	Michael	9	010-2707-7161
20001	Jihoo	5	010-1447-6542
20002	Edward	1	010-8127-4019
20003	Seohyun	8	010-4926-7713
20004	Jiyoo	0	010-5525-0383
20005	James	7	010-1396-2232
20006	Seohyun	5	010-8060-3044
20007	Kimberly	0	010-8011-2231
20008	Seoyeon	5	010-0754-2050
20009	Joonseo	10	010-5066-8374
20010	Kevin	1	010-1712-9225
20011	Deborah	7	010-4932-3372
20012	Kimberly	3	010-7341-8434
20013	Jennifer	2	010-8145-7190
20014	Seohyun	7	010-9820-6972
20015	Sarah	5	010-7756-3603
20016	Barbara	10	010-2592-7309
20017	Jia	4	010-9278-6316
20018	Brian	0	010-0032-8536
20019	Edward	5	010-1782-8627
20020	Seoyeon	4	010-0728-8111
20021	Amanda	10	010-4463-3694
20022	Amanda	3	010-8409-9720
20023	Amanda	4	010-1709-3015
20024	Siu	5	010-1694-9548
20025	Joonwoo	7	010-2142-8745
20026	Donald	2	010-2451-6120
20027	Hajoon	10	010-4395-2935
20028	James	2	010-4051-4378
20029	Melissa	5	010-4956-7174
20030	Jimin	6	010-1960-3114
20031	Minjoon	10	010-9237-8772
20032	Jimin	5	010-7981-0672
20033	Jiwoo	7	010-6771-9678
20034	Donald	1	010-3320-7243
20035	Steven	7	010-3259-1298
20036	Rebecca	5	010-7687-4889
20037	Haeun	10	010-8302-7989
20038	Matthew	2	010-6946-8044
20039	Kevin	4	010-6469-2231
20040	Lisa	3	010-2146-8108
20041	Seojoon	10	010-7502-0998
20042	George	9	010-1426-7370
20043	Nancy	8	010-8282-3994
20044	James	8	010-4869-1339
20045	Kenneth	9	010-5715-5665
20046	Amanda	1	010-7436-8296
20047	Hayoon	4	010-7935-6159
20048	Jeffrey	2	010-8305-3842
20049	Carol	10	010-9424-9438
20050	Seojoon	3	010-1848-4668
20051	Deborah	10	010-8452-6824
20052	Daniel	4	010-0996-6002
20053	Minjoon	2	010-0277-6597
20054	Barbara	9	010-4143-7550
20055	Yejoon	2	010-2701-1591
20056	Yejoon	7	010-4022-3121
20057	Ashley	6	010-0161-2810
20058	Joseph	8	010-2700-8576
20059	Joshua	0	010-0307-3763
20060	Charles	6	010-7084-8498
20061	Ashley	0	010-9505-0541
20062	Seohyun	2	010-2691-2420
20063	Yoonseo	4	010-3284-4641
20064	Seoyeon	1	010-8704-6459
20065	Jennifer	0	010-5262-4908
20066	Laura	9	010-1953-8597
20067	Melissa	6	010-9397-7800
20068	Edward	0	010-6305-0251
20069	Seoyoon	4	010-4685-6971
20070	Emily	3	010-2976-6772
20071	Sua	2	010-7740-2271
20072	Hajoon	8	010-0233-8483
20073	Hayoon	6	010-8843-3603
20074	Laura	1	010-0014-3808
20075	Minseo	5	010-7501-7777
20076	Brian	5	010-0294-6405
20077	Seoyoon	2	010-7102-6540
20078	Haeun	4	010-4110-4928
20079	Laura	7	010-8949-3382
20080	Margaret	0	010-2122-3127
20081	Hajoon	5	010-6689-8126
20082	Richard	3	010-5487-9074
20083	Sharon	6	010-8260-4562
20084	Michelle	5	010-7547-3844
20085	Anthony	6	010-2026-7934
20086	Margaret	2	010-3765-0473
20087	Jia	10	010-2649-6083
20088	Daniel	6	010-9717-6702
20089	Laura	6	010-0358-6780
20090	Betty	9	010-8816-8543
20091	Yejoon	9	010-0336-1148
20092	Dohyun	4	010-0943-7062
20093	Brian	5	010-2048-5401
20094	Stephanie	10	010-4780-2885
20095	Dorothy	2	010-2302-8366
20096	Charles	8	010-1997-8641
20097	Donald	3	010-3676-6581
20098	Sarah	10	010-0721-1697
20099	Joonwoo	10	010-5565-6118
20100	Joonwoo	1	010-0872-1022
20101	Sharon	0	010-7691-3911
20102	Jennifer	5	010-6481-5082
20103	Stephanie	1	010-3534-7882
20104	Mark	8	010-4013-8774
20105	Matthew	7	010-6590-7756
20106	Joshua	2	010-1248-2855
20107	Jiwoo	2	010-2070-3622
20108	Dorothy	9	010-4908-0766
20109	Anthony	8	010-2732-6064
20110	Joonwoo	1	010-5326-7687
20111	David	1	010-0889-1152
20112	Jeffrey	3	010-6058-6339
20113	Donna	10	010-5869-5164
20114	Seoyoon	6	010-3939-5312
20115	Kimberly	2	010-8708-0525
20116	Stephanie	3	010-4104-4527
20117	Rebecca	1	010-7694-8501
20118	Brian	10	010-0556-6589
20119	Seojoon	1	010-6234-9418
20120	Donna	2	010-2551-1284
20121	George	2	010-3880-3187
20122	Charles	8	010-9637-4519
20123	Ashley	9	010-0681-6512
20124	Jeffrey	10	010-7423-5800
20125	Anthony	6	010-0817-0952
20126	Lisa	8	010-8919-8914
20127	Linda	2	010-0052-7162
20128	Ronald	6	010-6879-0547
20129	Andrew	4	010-5859-2126
20130	Siu	0	010-2164-1877
20131	Rebecca	9	010-9111-5374
20132	Joonwoo	0	010-3398-4476
20133	Lisa	0	010-9057-9039
20134	Sua	3	010-1554-0442
20135	Joonseo	2	010-4015-8255
20136	Jessica	6	010-9610-7506
20137	Nancy	10	010-7346-6993
20138	Brian	5	010-3842-5662
20139	Sharon	7	010-3841-3545
20140	William	6	010-8136-6191
20141	Daniel	3	010-1383-1758
20142	Jia	4	010-6937-3132
20143	Emily	3	010-3974-4449
20144	Stephanie	2	010-6692-2706
20145	James	3	010-0262-0984
20146	Amanda	8	010-2791-2432
20147	James	6	010-2026-8615
20148	Donald	10	010-0074-5754
20149	Thomas	1	010-5609-6123
20150	Timothy	7	010-2662-5345
20151	Deborah	4	010-9804-2528
20152	Minjoon	7	010-9614-5368
20153	Ashley	1	010-2722-2844
20154	Deborah	1	010-2704-7210
20155	Thomas	8	010-0338-1286
20156	Michael	9	010-8248-3154
20157	Richard	9	010-7025-8472
20158	Geonwoo	2	010-0787-6465
20159	Donna	6	010-1578-6101
20160	Jessica	6	010-6854-8762
20161	Joshua	10	010-9053-0333
20162	Lisa	8	010-4951-9943
20163	James	5	010-4553-2211
20164	Barbara	8	010-4203-2673
20165	Andrew	5	010-1657-8864
20166	Sharon	10	010-1695-7590
20167	Yejoon	1	010-7605-6638
20168	Daniel	3	010-7916-7337
20169	Sarah	2	010-2843-6934
20170	Richard	2	010-2671-9591
20171	Margaret	4	010-0985-7194
20172	Charles	1	010-5244-2553
20173	Christopher	4	010-9190-0214
20174	Margaret	10	010-4150-9022
20175	George	4	010-5882-6369
20176	Deborah	7	010-2182-9905
20177	Deborah	0	010-1894-3223
20178	Geonwoo	4	010-7200-5741
20179	John	5	010-1844-7535
20180	Michael	6	010-7609-3493
20181	Carol	9	010-5941-9133
20182	Melissa	8	010-4516-7473
20183	John	9	010-8087-7619
20184	Stephanie	8	010-9555-9017
20185	Joonwoo	10	010-5603-1684
20186	Kevin	9	010-6138-5829
20187	Dorothy	6	010-9619-7460
20188	Dorothy	8	010-3666-2954
20189	Jia	6	010-9066-2768
20190	Emily	9	010-5770-1753
20191	Cynthia	10	010-3606-0735
20192	Cynthia	1	010-3676-0782
20193	James	1	010-4526-8827
20194	Jia	3	010-7635-8948
20195	William	10	010-8662-5206
20196	Jiho	7	010-1521-5877
20197	Steven	0	010-4516-0609
20198	Jason	5	010-9325-3306
20199	Susan	9	010-6023-5401
20200	Ashley	0	010-7287-6344
20201	Steven	7	010-2689-7048
20202	Jiyoo	10	010-2567-6819
20203	Amanda	0	010-4798-1015
20204	Yoonseo	0	010-7941-6513
20205	Michael	1	010-5583-2851
20206	Matthew	6	010-4886-9625
20207	Andrew	1	010-2354-9089
20208	Rebecca	7	010-6093-0900
20209	Sandra	0	010-3299-5009
20210	Kimberly	0	010-8364-9641
20211	Andrew	1	010-3660-6258
20212	Robert	4	010-1265-8546
20213	Matthew	8	010-5792-2585
20214	Kevin	3	010-1683-8676
20215	Steven	2	010-6648-4644
20216	Laura	3	010-1068-5996
20217	Linda	0	010-0589-7894
20218	Anthony	6	010-1145-0046
20219	Mark	8	010-6665-3097
20220	Joonseo	1	010-2999-6847
20221	Jiwoo	10	010-1508-3888
20222	David	2	010-1538-2780
20223	Steven	2	010-8452-7126
20224	Jessica	0	010-7189-5220
20225	Kimberly	2	010-1178-6681
20226	Sarah	7	010-0786-8695
20227	Donna	4	010-9476-4935
20228	Linda	2	010-9605-8107
20229	Jiho	7	010-6454-2291
20230	Nancy	4	010-3760-0927
20231	Joowon	5	010-1819-1015
20232	Karen	4	010-4132-8463
20233	Nancy	7	010-5759-8900
20234	Barbara	8	010-7345-8054
20235	Jennifer	1	010-5745-5724
20236	Linda	0	010-9643-8466
20237	Seoyoon	1	010-1667-7322
20238	John	4	010-0408-1809
20239	Kevin	4	010-7595-6425
20240	Yoonseo	8	010-5893-2362
20241	Daniel	0	010-9781-2881
20242	Amanda	3	010-3088-0633
20243	Seohyun	0	010-1287-5689
20244	Barbara	5	010-3589-5546
20245	Joshua	1	010-2280-3615
20246	Siu	9	010-1122-5041
20247	Elizabeth	5	010-8088-6501
20248	Ashley	8	010-3173-0258
20249	Melissa	8	010-6636-4747
20250	Richard	3	010-5655-5965
20251	Seohyun	1	010-4335-1288
20252	Dohyun	6	010-2734-9962
20253	Rebecca	9	010-6399-1774
20254	David	6	010-7977-1579
20255	Chaewon	0	010-4364-9857
20256	Michelle	7	010-4664-2430
20257	William	3	010-8984-3568
20258	Sharon	0	010-9887-7989
20259	Betty	3	010-1480-1611
20260	Seojoon	9	010-4982-4106
20261	Matthew	0	010-6557-2160
20262	Joseph	10	010-2679-3098
20263	Karen	5	010-2622-5882
20264	Jeffrey	6	010-3789-8715
20265	Amanda	3	010-0866-6400
20266	Chaewon	10	010-1869-5910
20267	Susan	10	010-8551-6436
20268	Jia	6	010-7661-7319
20269	Andrew	10	010-3753-1283
20270	Chaewon	0	010-6771-1797
20271	Patricia	9	010-5006-6765
20272	Sua	4	010-8674-2039
20273	Yoonseo	3	010-7884-5415
20274	Jiwoo	9	010-0275-8998
20275	Steven	7	010-3269-8570
20276	Susan	10	010-5860-5417
20277	Susan	6	010-2065-2794
20278	Minseo	3	010-4202-8855
20279	Donna	8	010-0227-4600
20280	Paul	5	010-7223-8069
20281	Jiwoo	3	010-0875-0415
20282	Joonseo	1	010-0772-6734
20283	Charles	7	010-3484-3193
20284	Elizabeth	9	010-5617-1221
20285	Kimberly	0	010-1133-5746
20286	Nancy	8	010-1430-8152
20287	Chaewon	0	010-2618-8385
20288	Doyoon	2	010-5744-9367
20289	William	4	010-1639-7080
20290	Seojoon	2	010-3821-0831
20291	Hajoon	0	010-0335-4859
20292	Kimberly	2	010-1780-0429
20293	Anthony	9	010-1885-3618
20294	Jason	4	010-1479-3284
20295	Steven	10	010-6395-9079
20296	Charles	1	010-2932-9232
20297	Jennifer	6	010-0573-9537
20298	Jihoo	8	010-7544-1296
20299	Donna	4	010-7199-8265
20300	Sua	4	010-0656-0972
20301	Kevin	2	010-2351-1778
20302	Mary	0	010-1317-1719
20303	Seoyoon	7	010-4433-0191
20304	Rebecca	4	010-1779-0131
20305	Seoyoon	5	010-9192-5495
20306	Lisa	5	010-5768-8248
20307	Sandra	3	010-6351-8329
20308	Patricia	10	010-0443-9385
20309	Christopher	1	010-4635-2867
20310	Ashley	4	010-0412-1895
20311	David	0	010-6078-9799
20312	Steven	4	010-8649-3014
20313	Joshua	10	010-6212-4688
20314	Daniel	5	010-4549-9209
20315	Joonseo	0	010-3183-8142
20316	Joshua	10	010-4101-9707
20317	James	1	010-7179-4700
20318	Minjoon	4	010-3307-1910
20319	Joshua	3	010-0664-4080
20320	Jihoo	6	010-4830-3796
20321	Jimin	10	010-2887-1828
20322	Jason	5	010-3572-6973
20323	Sarah	10	010-1632-2177
20324	Ronald	3	010-6057-5444
20325	Donald	0	010-6824-3812
20326	Yoonseo	6	010-9080-6268
20327	Thomas	3	010-0341-2713
20328	Donna	8	010-2997-1652
20329	Andrew	0	010-7800-9048
20330	Doyoon	8	010-3998-7783
20331	George	10	010-1587-8591
20332	Betty	7	010-7137-2467
20333	James	4	010-6712-2598
20334	Hajoon	9	010-6062-6984
20335	Mary	6	010-3248-4308
20336	Christopher	10	010-2444-5246
20337	Sua	6	010-9450-8689
20338	Hajoon	8	010-8295-4443
20339	Jiwoo	5	010-3472-0608
20340	Kimberly	6	010-7168-0501
20341	Michelle	2	010-1798-4435
20342	Stephanie	8	010-3062-7036
20343	Andrew	2	010-9572-2421
20344	Hayoon	5	010-9084-2994
20345	Jessica	8	010-1926-1660
20346	Kimberly	10	010-1163-7150
20347	Seohyun	2	010-3593-2179
20348	Jason	2	010-9015-0847
20349	Timothy	5	010-3271-8316
20350	Barbara	4	010-8328-2513
20351	Timothy	4	010-1026-6403
20352	Geonwoo	5	010-7704-3750
20353	Minjoon	4	010-1350-4428
20354	Sua	2	010-8410-6160
20355	James	6	010-4481-3897
20356	Ashley	6	010-4327-8674
20357	Jason	5	010-6236-7245
20358	Joseph	6	010-4726-9009
20359	Anthony	3	010-9551-0815
20360	Timothy	8	010-0883-2992
20361	Geonwoo	2	010-2464-1687
20362	Seojoon	6	010-4670-9929
20363	Jihoo	8	010-7009-4025
20364	Amanda	2	010-6026-6651
20365	Geonwoo	3	010-8781-4284
20366	Edward	0	010-3652-9899
20367	Jimin	2	010-8114-4727
20368	Nancy	3	010-7535-4900
20369	Andrew	7	010-4359-7727
20370	Stephanie	0	010-6451-5157
20371	Laura	0	010-4226-0064
20372	Jiho	10	010-6143-1748
20373	Seoyeon	7	010-3343-9387
20374	Ronald	4	010-2676-5879
20375	Hayoon	9	010-9665-1814
20376	Matthew	1	010-3758-3305
20377	Sandra	1	010-6231-6446
20378	Edward	10	010-2359-5977
20379	Mary	6	010-6026-3791
20380	Stephanie	7	010-7334-4985
20381	Barbara	2	010-0027-9193
20382	Barbara	2	010-0179-3437
20383	Jiho	9	010-4658-4033
20384	Minjoon	7	010-3460-8945
20385	Joowon	6	010-3906-2816
20386	Yejoon	8	010-0197-3250
20387	Robert	6	010-3199-9181
20388	Michelle	10	010-2808-5427
20389	Minseo	6	010-5495-3295
20390	Haeun	4	010-8924-1669
20391	Seojoon	2	010-9202-6227
20392	Linda	6	010-1474-7593
20393	Mark	4	010-2239-6484
20394	Robert	2	010-4154-1237
20395	Barbara	8	010-9613-2051
20396	George	10	010-8023-0629
20397	Yejoon	2	010-8912-8436
20398	Joowon	0	010-8546-5696
20399	James	4	010-9323-3770
20400	Kimberly	6	010-0363-1962
20401	Anthony	8	010-3417-7255
20402	Margaret	5	010-2203-8485
20403	Sharon	8	010-9748-7392
20404	Cynthia	6	010-7810-6968
20405	Timothy	2	010-4728-3624
20406	Michelle	2	010-9727-9523
20407	Charles	3	010-2743-0139
20408	Mary	3	010-6587-4757
20409	Emily	10	010-3903-3664
20410	Edward	2	010-3863-0444
20411	Jiyoo	0	010-5038-0499
20412	Nancy	10	010-3614-6187
20413	Matthew	7	010-1532-8199
20414	Brian	7	010-8649-2820
20415	Joonwoo	0	010-4705-4739
20416	Dohyun	8	010-0185-5669
20417	Robert	1	010-6592-6350
20418	Matthew	2	010-3214-9020
20419	Kevin	8	010-5978-7039
20420	Jia	0	010-9007-9827
20421	Sua	6	010-0745-9515
20422	Melissa	1	010-0287-8654
20423	Seoyoon	4	010-0065-5127
20424	Cynthia	0	010-6394-9111
20425	Charles	1	010-3818-3395
20426	Christopher	1	010-6032-0416
20427	Elizabeth	1	010-3105-7994
20428	Ronald	7	010-3561-3184
20429	Edward	4	010-2263-1244
20430	Haeun	8	010-7472-5110
20431	Richard	5	010-4494-1637
20432	Kenneth	1	010-0002-7354
20433	Sandra	7	010-3306-8550
20434	Hajoon	7	010-5980-0419
20435	Andrew	5	010-5992-9789
20436	Jimin	7	010-5383-6015
20437	Ronald	7	010-2338-8147
20438	Jessica	8	010-4209-9948
20439	Amanda	9	010-3408-7923
20440	Anthony	0	010-2655-0546
20441	Sarah	4	010-7980-0061
20442	Jiwoo	7	010-9577-9639
20443	Betty	9	010-7221-1657
20444	Donald	3	010-9991-6987
20445	Jessica	9	010-6564-2757
20446	Jeffrey	0	010-8112-8451
20447	William	10	010-9883-4524
20448	Sharon	0	010-2923-8593
20449	Siu	1	010-4953-3825
20450	James	10	010-1695-6485
20451	Minjoon	7	010-8516-1413
20452	Anthony	10	010-6799-7246
20453	Anthony	2	010-4321-3639
20454	Anthony	2	010-8220-7551
20455	Hajoon	4	010-4503-0576
20456	Ryan	2	010-3190-1874
20457	David	10	010-8074-3586
20458	Susan	7	010-7021-6625
20459	Stephanie	2	010-6324-0356
20460	Betty	10	010-0470-9100
20461	Richard	10	010-4006-8440
20462	Betty	4	010-2762-6300
20463	Sarah	10	010-3637-4830
20464	Joonseo	9	010-0172-2153
20465	Nancy	9	010-7544-1850
20466	Jiyoo	3	010-0627-9939
20467	Hajoon	0	010-4705-6279
20468	Betty	10	010-3022-8993
20469	Timothy	3	010-0071-4742
20470	Patricia	2	010-1923-9386
20471	Carol	9	010-3144-9528
20472	Sua	10	010-3468-0883
20473	Betty	10	010-2190-5713
20474	Sarah	8	010-6252-0514
20475	Ashley	10	010-6313-8162
20476	Anthony	4	010-6188-7427
20477	Sua	5	010-7415-2210
20478	Robert	6	010-5270-9795
20479	Seohyun	3	010-1926-7981
20480	Christopher	4	010-7050-4664
20481	Kimberly	6	010-4717-9980
20482	Christopher	6	010-8121-6632
20483	Jihoo	9	010-4776-0866
20484	Betty	4	010-7378-7020
20485	Seojoon	5	010-7216-8366
20486	Dohyun	7	010-9218-0116
20487	Laura	10	010-1713-7541
20488	Emily	0	010-8680-7756
20489	Amanda	9	010-3548-5214
20490	Hajoon	0	010-3943-8376
20491	Yoonseo	1	010-2609-2830
20492	William	4	010-6628-6004
20493	Rebecca	0	010-0344-9518
20494	Kevin	1	010-1995-6179
20495	Cynthia	8	010-2137-5260
20496	Sua	5	010-9485-8485
20497	Siu	8	010-6356-6723
20498	Sarah	9	010-6063-4203
20499	Patricia	5	010-3964-9800
20500	Doyoon	4	010-9033-9313
20501	Emily	0	010-7388-7245
20502	Joonwoo	10	010-1304-6464
20503	David	8	010-6807-5864
20504	Jason	6	010-8574-4919
20505	Laura	3	010-2025-0805
20506	Kevin	10	010-7933-8030
20507	Haeun	10	010-8537-7508
20508	James	1	010-6776-6695
20509	Paul	5	010-0080-9302
20510	Joseph	0	010-5801-7067
20511	Jeffrey	2	010-2376-8480
20512	John	7	010-3588-7660
20513	Thomas	2	010-8875-9340
20514	Joseph	10	010-3672-4431
20515	Patricia	1	010-0919-7871
20516	Sandra	4	010-3849-6771
20517	Dohyun	10	010-9512-7193
20518	Jia	6	010-0397-9546
20519	Dohyun	6	010-6448-3132
20520	David	6	010-3637-2659
20521	Jiwoo	6	010-4389-3488
20522	Betty	8	010-0951-0722
20523	Timothy	10	010-1060-8176
20524	Betty	9	010-2351-9289
20525	Hajoon	5	010-0409-9834
20526	Ronald	9	010-3655-0840
20527	Jiwoo	0	010-1389-7178
20528	Seojoon	2	010-1543-2030
20529	Laura	8	010-5033-7730
20530	Jia	2	010-2095-3288
20531	Hajoon	6	010-0643-6035
20532	Minseo	5	010-6096-0403
20533	Carol	5	010-0699-0699
20534	Laura	6	010-3085-5838
20535	Amanda	1	010-3300-9979
20536	Karen	1	010-6296-6764
20537	Charles	3	010-4233-2597
20538	Jihoo	5	010-7570-7468
20539	Jessica	1	010-0458-7509
20540	Christopher	3	010-4147-5151
20541	Timothy	3	010-7891-0620
20542	Dohyun	8	010-4223-9289
20543	Betty	8	010-3596-7112
20544	Sandra	4	010-7468-4157
20545	Ashley	5	010-8188-6389
20546	Edward	2	010-2602-2636
20547	Donald	7	010-4233-7642
20548	Seoyoon	4	010-2240-3137
20549	Jeffrey	6	010-9708-4325
20550	Robert	7	010-5704-0443
20551	Richard	6	010-1276-4177
20552	Cynthia	6	010-0910-8529
20553	Margaret	2	010-8340-9890
20554	Donald	2	010-8037-4757
20555	Rebecca	10	010-2383-6104
20556	Dorothy	7	010-8605-9518
20557	Deborah	10	010-3401-1739
20558	Chaewon	1	010-6791-1804
20559	Andrew	2	010-0504-5645
20560	Robert	7	010-0926-7875
20561	Karen	10	010-7565-2260
20562	Barbara	9	010-2082-6801
20563	Sua	0	010-9735-6575
20564	Donald	3	010-8059-9889
20565	Timothy	5	010-5240-4051
20566	Seoyeon	1	010-6219-5697
20567	Matthew	5	010-7300-1656
20568	Timothy	0	010-3372-8849
20569	Daniel	7	010-0559-0215
20570	Margaret	6	010-6234-8313
20571	Brian	4	010-6902-1246
20572	Seoyeon	0	010-0740-9920
20573	John	6	010-5044-2224
20574	Michael	5	010-4266-1579
20575	Joseph	0	010-4871-4549
20576	Seohyun	0	010-3614-1543
20577	Jason	2	010-6046-1262
20578	Deborah	2	010-6682-1673
20579	Kimberly	0	010-1203-5435
20580	Charles	0	010-4853-2816
20581	Michael	2	010-5813-7464
20582	Anthony	4	010-3295-1552
20583	Deborah	5	010-7670-9251
20584	Seojoon	7	010-0557-2058
20585	James	1	010-2442-1493
20586	Anthony	5	010-6372-6332
20587	Patricia	4	010-2723-4165
20588	Amanda	5	010-6795-7958
20589	George	5	010-0941-1971
20590	Joseph	2	010-8084-3556
20591	Minseo	1	010-6361-9770
20592	Minseo	4	010-5699-3149
20593	Minseo	5	010-6504-5508
20594	Cynthia	4	010-3245-3757
20595	Kevin	1	010-2647-2912
20596	John	8	010-0580-3701
20597	Joseph	0	010-3249-1511
20598	Jessica	0	010-9582-8613
20599	Chaewon	9	010-7312-8207
20600	Sua	0	010-8151-8745
20601	Linda	0	010-8420-1919
20602	Jessica	7	010-3072-2207
20603	Margaret	10	010-2209-8190
20604	Hajoon	1	010-3597-5122
20605	Michelle	0	010-7777-6182
20606	Carol	9	010-4123-6464
20607	Jimin	8	010-6698-6077
20608	Anthony	4	010-0914-2323
20609	Michelle	9	010-8682-0376
20610	Andrew	9	010-5163-5162
20611	Minseo	2	010-1116-7390
20612	Kimberly	3	010-3708-3384
20613	Sarah	9	010-2133-5149
20614	Kenneth	8	010-3026-2277
20615	Edward	5	010-9817-1302
20616	Hayoon	5	010-7023-6988
20617	Robert	0	010-9193-0420
20618	Laura	8	010-3497-4414
20619	Matthew	6	010-4272-1117
20620	Jason	3	010-5061-0576
20621	Joshua	2	010-1707-1973
20622	Barbara	3	010-1112-9882
20623	Minseo	8	010-5203-4062
20624	Seoyoon	10	010-3715-6506
20625	Rebecca	10	010-2520-3730
20626	Joowon	5	010-3339-0012
20627	Jessica	5	010-4337-6080
20628	Cynthia	0	010-2369-0667
20629	Sharon	10	010-0757-7991
20630	Susan	8	010-7605-5822
20631	Stephanie	2	010-8880-9995
20632	Kimberly	7	010-8147-0667
20633	Andrew	8	010-6561-0881
20634	Laura	5	010-2086-9915
20635	Anthony	4	010-8538-2566
20636	Sua	4	010-0526-3736
20637	Joshua	7	010-8691-3803
20638	Ashley	8	010-1105-0063
20639	Haeun	4	010-2696-1099
20640	Melissa	9	010-9190-2719
20641	Doyoon	5	010-5395-1058
20642	Rebecca	6	010-0296-5605
20643	Karen	10	010-2848-2890
20644	Paul	5	010-8854-6682
20645	Jiwoo	4	010-7967-9413
20646	Linda	3	010-0461-6224
20647	Michelle	8	010-6559-3984
20648	Joonwoo	3	010-9124-3361
20649	John	4	010-3209-4657
20650	Nancy	0	010-2816-1856
20651	Edward	2	010-8422-8208
20652	Jimin	8	010-2628-7954
20653	Donna	10	010-9085-8440
20654	Lisa	1	010-8969-2595
20655	Minseo	2	010-6819-8891
20656	Kimberly	1	010-4334-2318
20657	Edward	10	010-1858-9096
20658	Hayoon	7	010-6978-4032
20659	Dohyun	9	010-4350-1843
20660	Betty	3	010-6443-7765
20661	Thomas	6	010-3238-5325
20662	Sharon	7	010-5882-4422
20663	Jiyoo	0	010-2988-3103
20664	Sandra	2	010-2104-0633
20665	Jason	8	010-4071-3176
20666	Richard	4	010-7862-4936
20667	Daniel	2	010-2621-0909
20668	Seoyoon	5	010-8223-3128
20669	Susan	1	010-7557-9374
20670	John	7	010-6301-2714
20671	Ronald	8	010-5672-0432
20672	Kevin	10	010-0356-1091
20673	Mary	6	010-7291-2700
20674	Melissa	9	010-8673-6953
20675	Anthony	5	010-6746-9023
20676	Jessica	2	010-8543-2883
20677	Robert	7	010-5707-2732
20678	Joshua	5	010-6213-0743
20679	Hajoon	4	010-9667-3260
20680	Richard	5	010-6683-3923
20681	Jimin	2	010-0581-5024
20682	Cynthia	6	010-3753-3098
20683	Sandra	9	010-8745-0076
20684	Seoyeon	3	010-6052-2289
20685	Charles	0	010-0489-7115
20686	Carol	10	010-3606-5264
20687	Hayoon	1	010-1781-3431
20688	Minseo	5	010-8311-8046
20689	Joonseo	10	010-5899-1257
20690	George	8	010-1237-4833
20691	Christopher	5	010-1621-4092
20692	Seohyun	4	010-3984-7366
20693	Minjoon	10	010-9359-3425
20694	Edward	3	010-2922-6790
20695	Seohyun	9	010-6686-0604
20696	Joonwoo	7	010-1115-1872
20697	Deborah	7	010-2803-7346
20698	Jihoo	0	010-0226-0490
20699	Patricia	4	010-0124-1120
20700	Linda	0	010-7870-9082
20701	Hajoon	3	010-6195-9183
20702	Donald	1	010-4938-9446
20703	Betty	4	010-6810-4354
20704	Siu	1	010-6531-6529
20705	Jia	3	010-5108-4696
20706	Jiwoo	7	010-0230-6331
20707	Ashley	8	010-8036-3869
20708	George	1	010-7831-6706
20709	Jia	0	010-7794-2908
20710	Dohyun	10	010-0384-1136
20711	Seoyeon	10	010-2319-5002
20712	Doyoon	7	010-2971-9763
20713	Elizabeth	4	010-4382-2241
20714	Haeun	2	010-1637-9370
20715	Sharon	4	010-3652-6839
20716	Jessica	7	010-2501-0496
20717	Emily	6	010-9493-6074
20718	Mark	9	010-3082-1397
20719	Seojoon	1	010-7445-3566
20720	Paul	0	010-4353-9739
20721	Stephanie	7	010-7083-3217
20722	Donna	2	010-4384-9101
20723	Jiho	9	010-9919-6677
20724	Cynthia	10	010-0489-3827
20725	Deborah	4	010-7478-6279
20726	Sandra	0	010-2028-2913
20727	Sharon	9	010-2043-7895
20728	Jennifer	10	010-4344-8272
20729	Joseph	6	010-1863-1259
20730	Carol	5	010-9981-3499
20731	Jessica	0	010-8164-5579
20732	John	10	010-3209-6293
20733	Jennifer	4	010-9006-8913
20734	Linda	10	010-0314-6064
20735	Robert	3	010-7736-4533
20736	Jason	1	010-9978-0391
20737	Haeun	2	010-3724-3347
20738	Matthew	8	010-3930-6144
20739	Joowon	8	010-3668-1624
20740	Geonwoo	2	010-3573-9343
20741	Jihoo	9	010-2247-5568
20742	Rebecca	4	010-6904-7404
20743	Linda	10	010-3098-8962
20744	Daniel	2	010-7812-6059
20745	Doyoon	8	010-7709-0036
20746	Paul	10	010-4132-2627
20747	Sarah	6	010-0623-4663
20748	Dohyun	5	010-0788-9215
20749	Betty	0	010-8489-3309
20750	Seoyeon	0	010-5350-4909
20751	Ronald	3	010-1978-8441
20752	Jiho	7	010-0260-4962
20753	Daniel	7	010-6820-2116
20754	Brian	9	010-4443-7849
20755	Kevin	2	010-5315-5641
20756	Seojoon	4	010-0034-5033
20757	Jimin	7	010-5267-3556
20758	Richard	4	010-4763-5866
20759	Paul	7	010-6591-1510
20760	Hayoon	9	010-2761-7737
20761	Sarah	8	010-9992-8809
20762	Barbara	9	010-6063-1516
20763	Robert	6	010-9317-8162
20764	Kimberly	5	010-4106-6211
20765	Jessica	0	010-4788-4568
20766	Joshua	2	010-5816-9602
20767	Ronald	2	010-2893-4952
20768	David	2	010-3914-0654
20769	Anthony	10	010-4498-7684
20770	Jessica	2	010-5057-8836
20771	Joonseo	7	010-1444-3884
20772	Donna	5	010-9345-8932
20773	Melissa	2	010-8195-7837
20774	Elizabeth	0	010-1806-7571
20775	Susan	0	010-7069-1333
20776	Kevin	9	010-6539-0314
20777	Jiwoo	9	010-8188-2556
20778	Yejoon	7	010-8683-6512
20779	Timothy	3	010-0634-0691
20780	Kimberly	1	010-5138-5153
20781	Cynthia	1	010-1038-7466
20782	Jiho	0	010-0534-5422
20783	Jihoo	0	010-2959-6145
20784	Dorothy	1	010-2941-2289
20785	Sarah	8	010-8470-5973
20786	Emily	0	010-9155-8803
20787	Doyoon	3	010-2360-2768
20788	Jia	6	010-3289-3795
20789	Joonseo	9	010-7724-9793
20790	Jessica	4	010-7881-6264
20791	Barbara	7	010-7286-9012
20792	Jessica	1	010-7312-4732
20793	Sarah	9	010-9006-1457
20794	Jihoo	10	010-6630-1084
20795	Carol	4	010-5101-9216
20796	Jeffrey	6	010-5168-0140
20797	Mark	8	010-9106-3221
20798	Nancy	10	010-3183-3705
20799	Doyoon	1	010-8215-6511
20800	Stephanie	9	010-0040-2209
20801	Seoyeon	0	010-5762-5062
20802	Matthew	7	010-4510-5584
20803	Sharon	5	010-4164-7724
20804	Donald	8	010-6609-6772
20805	Edward	5	010-7495-6178
20806	Yoonseo	9	010-2489-2305
20807	Seoyeon	1	010-5152-0583
20808	Dorothy	8	010-9135-2652
20809	Sua	5	010-7384-0362
20810	Ronald	3	010-8223-5938
20811	Hajoon	4	010-7941-4029
20812	Barbara	0	010-2054-4126
20813	Mary	1	010-7211-9722
20814	Joonwoo	8	010-9592-1164
20815	Carol	0	010-7751-7775
20816	Matthew	5	010-6393-1807
20817	Dorothy	5	010-0472-1629
20818	Rebecca	9	010-6208-2462
20819	Joonwoo	6	010-7787-3943
20820	Hayoon	10	010-2140-3680
20821	Jiyoo	10	010-8407-1417
20822	Daniel	3	010-7293-6722
20823	Susan	9	010-2259-6711
20824	Joowon	1	010-7558-4845
20825	Susan	8	010-5749-6963
20826	Edward	9	010-4032-1520
20827	Jiyoo	9	010-5462-3366
20828	William	4	010-2753-1681
20829	Kenneth	0	010-7796-6285
20830	George	5	010-3891-3390
20831	John	6	010-3738-6725
20832	Jiwoo	9	010-2443-4100
20833	Chaewon	9	010-3181-3554
20834	Charles	2	010-9003-2193
20835	Cynthia	5	010-6912-8062
20836	Geonwoo	1	010-7147-1303
20837	Jason	7	010-5947-2742
20838	Melissa	2	010-3492-1256
20839	Minseo	5	010-2576-9658
20840	Jason	6	010-4117-2996
20841	Jeffrey	2	010-6773-6790
20842	Betty	1	010-5691-2528
20843	Elizabeth	4	010-2137-6643
20844	Nancy	4	010-7810-4443
20845	Joonwoo	6	010-5345-4564
20846	Michelle	3	010-7381-2032
20847	Joonwoo	8	010-4384-5777
20848	Donald	0	010-0407-4603
20849	David	6	010-4206-9506
20850	Sandra	2	010-1437-1033
20851	Betty	7	010-2240-0300
20852	Sandra	6	010-4898-3504
20853	Laura	6	010-0883-3816
20854	Minjoon	2	010-3820-5636
20855	Ryan	6	010-2425-1587
20856	Jiyoo	7	010-2390-0290
20857	Joowon	0	010-9912-1989
20858	Nancy	10	010-2987-3495
20859	Thomas	10	010-2064-9963
20860	Amanda	1	010-7931-1011
20861	Mary	5	010-9145-8235
20862	Timothy	2	010-7006-0935
20863	Ronald	8	010-1424-9761
20864	James	2	010-6215-6854
20865	Melissa	5	010-7942-6224
20866	Ronald	9	010-5210-9036
20867	Matthew	1	010-0656-4950
20868	Sarah	4	010-5742-9565
20869	Jimin	10	010-9922-0929
20870	Jihoo	7	010-8711-3844
20871	Ryan	6	010-1988-0579
20872	Jessica	0	010-7529-4490
20873	Dorothy	9	010-7270-7937
20874	Kimberly	1	010-7141-5843
20875	Anthony	1	010-5962-9116
20876	Jennifer	0	010-2582-0649
20877	Jeffrey	3	010-6516-0388
20878	Ryan	1	010-9457-0756
20879	Steven	7	010-2809-6364
20880	Steven	1	010-1445-1946
20881	Sua	1	010-6854-1722
20882	Sarah	3	010-5481-8421
20883	James	0	010-1870-3789
20884	George	1	010-0292-1883
20885	Patricia	0	010-9677-8348
20886	Hajoon	10	010-8361-4266
20887	Michael	6	010-7586-2201
20888	Jia	5	010-7884-9003
20889	Stephanie	5	010-7167-8631
20890	Chaewon	5	010-4072-2991
20891	Sua	3	010-8157-7433
20892	Sua	6	010-5667-0235
20893	Hajoon	4	010-2925-8482
20894	Donna	8	010-0483-6293
20895	Seohyun	3	010-4897-8670
20896	Paul	4	010-0350-3402
20897	Seohyun	0	010-7058-5016
20898	Sharon	0	010-7584-0593
20899	Jiyoo	0	010-0862-2728
20900	David	1	010-3540-3837
20901	Daniel	10	010-1753-1556
20902	Karen	2	010-5133-7520
20903	Jia	1	010-5872-0459
20904	Donald	3	010-8222-0540
20905	Joshua	9	010-7993-8129
20906	Matthew	9	010-3330-0371
20907	Haeun	1	010-7055-5543
20908	Kenneth	9	010-1147-0987
20909	Margaret	5	010-5526-0806
20910	Stephanie	5	010-7635-9426
20911	Haeun	6	010-4469-0780
20912	Emily	2	010-5705-5201
20913	Dorothy	0	010-1226-6344
20914	Jason	8	010-1335-1011
20915	Sarah	10	010-4923-4822
20916	Seohyun	8	010-9128-1301
20917	Barbara	2	010-1662-9187
20918	Chaewon	0	010-0671-9774
20919	Daniel	10	010-2800-8422
20920	Mary	3	010-0305-4781
20921	Jimin	2	010-1237-4888
20922	Chaewon	8	010-9307-9721
20923	Jiwoo	2	010-9393-3622
20924	Carol	4	010-0200-2065
20925	Matthew	0	010-5365-5786
20926	Carol	0	010-7433-5895
20927	James	4	010-1310-8525
20928	Joonwoo	10	010-9871-2658
20929	Joshua	2	010-7282-5195
20930	John	1	010-1971-9557
20931	Jason	1	010-1904-3575
20932	Linda	2	010-0910-7444
20933	Mark	2	010-6072-8179
20934	Hayoon	6	010-4048-9353
20935	Melissa	9	010-3701-6476
20936	Jiwoo	9	010-7904-5201
20937	James	3	010-0280-4340
20938	Deborah	2	010-7851-7811
20939	Chaewon	5	010-8738-8495
20940	Michael	1	010-3132-9377
20941	Jeffrey	10	010-5871-5689
20942	Jiho	5	010-9277-3065
20943	Paul	1	010-4487-8726
20944	Jiho	6	010-8564-2725
20945	Edward	3	010-6053-9287
20946	Andrew	5	010-4753-9500
20947	Richard	4	010-8504-6477
20948	Timothy	2	010-1724-8295
20949	Jeffrey	1	010-4851-1084
20950	Hajoon	4	010-7357-4134
20951	Joonseo	4	010-3628-3159
20952	Minseo	4	010-5307-4084
20953	Dorothy	10	010-1376-0210
20954	Elizabeth	6	010-5905-7770
20955	Yoonseo	10	010-8510-7541
20956	Hayoon	7	010-1759-0100
20957	Sharon	4	010-5737-0655
20958	Geonwoo	2	010-6750-2019
20959	Brian	0	010-2352-0723
20960	Donna	0	010-1190-0430
20961	Elizabeth	1	010-7161-8841
20962	Karen	3	010-4836-3250
20963	Michael	3	010-7297-9211
20964	Seohyun	2	010-1465-0743
20965	Joshua	9	010-5409-2250
20966	Seohyun	4	010-1703-1442
20967	Mark	5	010-8263-9712
20968	Rebecca	0	010-7667-8311
20969	Carol	10	010-0686-2268
20970	Melissa	5	010-5331-9133
20971	Kenneth	7	010-2763-4234
20972	Robert	10	010-9729-1505
20973	Nancy	0	010-1896-1395
20974	Kimberly	5	010-1997-4688
20975	Kimberly	9	010-9959-8228
20976	Doyoon	8	010-8856-6384
20977	Betty	6	010-9722-4394
20978	Michael	5	010-4082-8843
20979	Chaewon	4	010-6507-4246
20980	Betty	10	010-8931-2567
20981	Jiwoo	2	010-0094-5762
20982	Anthony	5	010-7094-4027
20983	Stephanie	3	010-3311-0124
20984	Ashley	0	010-3666-8269
20985	Stephanie	6	010-2364-0708
20986	Jiyoo	6	010-8747-0411
20987	Thomas	4	010-1760-2716
20988	Barbara	6	010-8886-0747
20989	Laura	1	010-4302-7434
20990	Jiwoo	6	010-2746-9533
20991	Patricia	7	010-9797-7935
20992	Kevin	5	010-0479-7567
20993	Amanda	3	010-6303-5964
20994	Matthew	3	010-4502-2769
20995	Sandra	3	010-2339-5997
20996	Michael	4	010-5920-0763
20997	Ashley	3	010-4378-8808
20998	Hajoon	4	010-0958-7474
20999	George	8	010-0638-5082
21000	Laura	11	010-9378-2023
